bandwidth,reference_level,net_bps,source,status
BW500,1,18,https://islandmagic.co/radiomail/help/classic/vara,historical reference; verify against installed version
BW500,2,41,https://islandmagic.co/radiomail/help/classic/vara,historical reference; verify against installed version
BW500,3,61,https://islandmagic.co/radiomail/help/classic/vara,historical reference; verify against installed version
BW500,4,88,https://islandmagic.co/radiomail/help/classic/vara,historical reference; verify against installed version
BW500,5,177,https://islandmagic.co/radiomail/help/classic/vara,historical reference; verify against installed version
BW500,6,270,https://islandmagic.co/radiomail/help/classic/vara,historical reference; verify against installed version
BW500,7,441,https://islandmagic.co/radiomail/help/classic/vara,historical reference; verify against installed version
BW500,8,588,https://islandmagic.co/radiomail/help/classic/vara,historical reference; verify against installed version
BW500,9,705,https://islandmagic.co/radiomail/help/classic/vara,historical reference; verify against installed version
BW500,10,884,https://islandmagic.co/radiomail/help/classic/vara,historical reference; verify against installed version
BW500,11,1060,https://islandmagic.co/radiomail/help/classic/vara,historical reference; verify against installed version
BW500,12,1286,https://islandmagic.co/radiomail/help/classic/vara,historical reference; verify against installed version
BW500,13,1543,https://islandmagic.co/radiomail/help/classic/vara,historical reference; verify against installed version
BW2300,1,18,https://islandmagic.co/radiomail/help/classic/vara,historical reference; verify against installed version
BW2300,2,41,https://islandmagic.co/radiomail/help/classic/vara,historical reference; verify against installed version
BW2300,3,82,https://islandmagic.co/radiomail/help/classic/vara,historical reference; verify against installed version
BW2300,4,175,https://islandmagic.co/radiomail/help/classic/vara,historical reference; verify against installed version
BW2300,5,270,https://islandmagic.co/radiomail/help/classic/vara,historical reference; verify against installed version
BW2300,6,363,https://islandmagic.co/radiomail/help/classic/vara,historical reference; verify against installed version
BW2300,7,549,https://islandmagic.co/radiomail/help/classic/vara,historical reference; verify against installed version
BW2300,8,735,https://islandmagic.co/radiomail/help/classic/vara,historical reference; verify against installed version
BW2300,9,922,https://islandmagic.co/radiomail/help/classic/vara,historical reference; verify against installed version
BW2300,10,2011,https://islandmagic.co/radiomail/help/classic/vara,historical reference; verify against installed version
BW2300,11,2682,https://islandmagic.co/radiomail/help/classic/vara,historical reference; verify against installed version
BW2300,12,3219,https://islandmagic.co/radiomail/help/classic/vara,historical reference; verify against installed version
BW2300,13,4025,https://islandmagic.co/radiomail/help/classic/vara,historical reference; verify against installed version
BW2300,14,4830,https://islandmagic.co/radiomail/help/classic/vara,historical reference; verify against installed version
BW2300,15,5872,https://islandmagic.co/radiomail/help/classic/vara,historical reference; verify against installed version
BW2300,16,7050,https://islandmagic.co/radiomail/help/classic/vara,historical reference; verify against installed version
BW2750,1,18,https://islandmagic.co/radiomail/help/classic/vara,historical reference; verify against installed version
BW2750,2,41,https://islandmagic.co/radiomail/help/classic/vara,historical reference; verify against installed version
BW2750,3,82,https://islandmagic.co/radiomail/help/classic/vara,historical reference; verify against installed version
BW2750,4,175,https://islandmagic.co/radiomail/help/classic/vara,historical reference; verify against installed version
BW2750,5,270,https://islandmagic.co/radiomail/help/classic/vara,historical reference; verify against installed version
BW2750,6,363,https://islandmagic.co/radiomail/help/classic/vara,historical reference; verify against installed version
BW2750,7,549,https://islandmagic.co/radiomail/help/classic/vara,historical reference; verify against installed version
BW2750,8,735,https://islandmagic.co/radiomail/help/classic/vara,historical reference; verify against installed version
BW2750,9,922,https://islandmagic.co/radiomail/help/classic/vara,historical reference; verify against installed version
BW2750,10,1203,https://islandmagic.co/radiomail/help/classic/vara,historical reference; verify against installed version
BW2750,11,2423,https://islandmagic.co/radiomail/help/classic/vara,historical reference; verify against installed version
BW2750,12,3230,https://islandmagic.co/radiomail/help/classic/vara,historical reference; verify against installed version
BW2750,13,3877,https://islandmagic.co/radiomail/help/classic/vara,historical reference; verify against installed version
BW2750,14,4848,https://islandmagic.co/radiomail/help/classic/vara,historical reference; verify against installed version
BW2750,15,5817,https://islandmagic.co/radiomail/help/classic/vara,historical reference; verify against installed version
BW2750,16,7074,https://islandmagic.co/radiomail/help/classic/vara,historical reference; verify against installed version
BW2750,17,8489,https://islandmagic.co/radiomail/help/classic/vara,historical reference; verify against installed version
